{"cameraMode":{"drawMode":0,"name":"Shaded","section":"Shading Mode"},"sceneLighting":false,"audioPlay":false,"sceneViewState":{"m_AlwaysRefresh":false,"showFog":true,"showSkybox":false,"showFlares":true,"showImageEffects":true,"showParticleSystems":true,"showVisualEffectGraphs":true,"m_FxEnabled":true},"in2DMode":false,"pivot":{"x":13.572912216186524,"y":1.0747690200805665,"z":1.8696483373641968},"rotation":{"x":0.06140194833278656,"y":0.8731303215026856,"z":-0.11405949294567108,"w":0.4699850380420685},"size":1.2865179777145386,"orthographic":false}